Index,画像ファイル,OCR結果
0,image0.png,"| 品番（商品番号） | 個数 | 通し番号 |
|---------------|------|--------|
| 品番なし       | 2台  | 品番なし   |
| 品番なし       | 2台  | 品番なし   |"
1,image1.png,"| 品番（商品番号） | 個数 | 通し番号 |
|---------------|------|--------|
| 品番なし     | 1台  | B41    |
| 品番なし     | 1台  | B1     |"
2,image2.png,"| 品番（商品番号） | 個数 | 通し番号 |
|---------------|------|--------|
| C41           | 1台  | なし    |
| C21           | 1台  | なし    |"
3,image3.png,"| 品番（商品番号） | 個数 | 通し番号 |
|---------------|------|--------|
| 品番なし        | 2台  | 品番なし  |"
4,image4.png,"画像を確認しましたが、「品番」「個数」「通し番号」に関する具体的な情報は見当たりませんでした。そのため、以下のように出力します。

| 品番（商品番号） | 個数 | 通し番号 |
|---------------|------|--------|
| 品番なし      | なし | なし   |"
5,image5.png,"| 品番（商品番号） | 個数 | 通し番号 |
|---------------|------|--------|
| 品番なし          | 1台  | 品番なし   |"
6,image6.png,"| 品番（商品番号） | 個数 | 通し番号 |
|---------------|------|--------|
| FDL 27W      | 1台  | なし    |"
7,image7.png,"| 品番（商品番号） | 個数 | 通し番号 |
|---------------|------|--------|
| 品番なし       | 1台  | H      |"
8,image8.png,"### **出力フォーマット**
| 品番（商品番号） | 個数 | 通し番号 |
|---------------|------|--------|
| LV721721     | 1台  | なし   |"
9,image9.png,画像の内容を確認できないため、指定された「品番」「個数」「通し番号」を抽出することができません。申し訳ありませんが、具体的な情報が必要です。他にお手伝いできることがあれば教えてください。
10,image10.png,"画像を解析しましたが、品番、個数、通し番号に関する具体的な情報は確認できませんでした。以下のように出力いたします。

| 品番（商品番号） | 個数 | 通し番号 |
|---------------|------|--------|
| 品番なし      | 1台  | なし    |"
11,image11.png,"| 品番（商品番号） | 個数 | 通し番号 |
|---------------|------|--------|
| 品番なし        | 1台  | 品番なし  |"
12,image12.png,"| 品番（商品番号） | 個数 | 通し番号 |
|---------------|------|--------|
| 品番なし      | 1台  | なし    |
| 品番なし      | 1台  | なし    |"
13,image13.png,申し訳ありませんが、この画像の内容を解析して指定された情報を抽出することはできません。別の方法でお手伝いできることがあれば教えてください。
14,image14.png,"| 品番（商品番号） | 個数 | 通し番号 |
|---------------|------|--------|
| 品番なし       | 1台  | 品番なし  |"
